{
    "1": {
      "plate": "W002",
      "coords": {
        "h": 252.18722534179688,
        "z": 28.52325248718261,
        "y": -845.6668090820312,
        "x": 282.8492736816406
      },
      "canRent": true,
      "engineHealth": 813.1544189453125,
      "bodyHealth": 932.0499267578124
    },
    "2": {
      "plate": "W001",
      "coords": {
        "x": 283.9542236328125,
        "z": 28.641695022583,
        "y": -854.6644287109375,
        "h": 265.2598876953125
      },
      "canRent": true,
      "engineHealth": 813.1544189453125,
      "bodyHealth": 932.0499267578125
    }
  }